<?xml version="1.0" encoding="ISO-8859-1" standalone="no"?>
<!DOCTYPE opstring PUBLIC "-/RIO//DTD"
    "http://www.rio-project.org/dtd/rio_opstring.dtd">
<opstring>
    <OperationalString Name="Hello World Example">
        <Groups>
            <Group>rio</Group>
        </Groups>

        <!-- Declare attributes for the Hello example -->
        <ServiceBean Name="Hello">
            <Interfaces>
                <Interface>bean.Hello</Interface>
                <Resources>
                    <JAR>bean/lib/bean-dl.jar</JAR>
                </Resources>
            </Interfaces>

            <ImplementationClass Name="bean.service.HelloImpl">
                <Resources>
                    <JAR>bean/lib/bean.jar</JAR>
                </Resources>
            </ImplementationClass>

            <Configuration>
                bean {
                    food = "fries";
                }
            </Configuration>
                     
            <Maintain>1</Maintain>
        </ServiceBean>
    </OperationalString>
</opstring>


